Year,Event,Placing,Time,Time.2,Competition,Column1
2012,MK1 1000m,1,03:30.64,210.64,Nationals,Nationals1
2012,MK1 1000m,2,03:34.18,214.18,Nationals,Nationals2
2012,MK1 1000m,3,03:34.23,214.23,Nationals,Nationals3
2012,MK1 1000m,4,03:37.71,217.71,Nationals,Nationals4
2012,MK1 1000m,5,03:38.40,218.4,Nationals,Nationals5
2012,MK1 1000m,6,03:41.70,221.7,Nationals,Nationals6
2012,MK1 1000m,7,03:42.90,222.9,Nationals,Nationals7
2012,MK1 1000m,8,03:44.30,224.3,Nationals,Nationals8
2013,MK1 1000m,1,03:42.24,222.24,Nationals,Nationals1
2013,MK1 1000m,2,03:42.40,222.4,Nationals,Nationals2
2013,MK1 1000m,3,03:45.90,225.9,Nationals,Nationals3
2013,MK1 1000m,4,03:47.10,227.1,Nationals,Nationals4
2013,MK1 1000m,5,03:47.30,227.3,Nationals,Nationals5
2013,MK1 1000m,6,03:49.70,229.7,Nationals,Nationals6
2013,MK1 1000m,7,03:49.90,229.9,Nationals,Nationals7
2013,MK1 1000m,8,03:56.90,236.9,Nationals,Nationals8
2014,MK1 1000m,1,03:36.12,216.12,Nationals,Nationals1
2014,MK1 1000m,2,03:39.26,219.26,Nationals,Nationals2
2014,MK1 1000m,3,03:39.66,219.66,Nationals,Nationals3
2014,MK1 1000m,4,03:41.23,221.23,Nationals,Nationals4
2014,MK1 1000m,5,03:42.74,222.74,Nationals,Nationals5
2014,MK1 1000m,6,03:42.79,222.79,Nationals,Nationals6
2014,MK1 1000m,7,03:42.85,222.85,Nationals,Nationals7
2014,MK1 1000m,8,03:43.30,223.3,Nationals,Nationals8
2015,MK1 1000m,1,03:28.10,208.1,Nationals,Nationals1
2015,MK1 1000m,2,03:31.14,211.14,Nationals,Nationals2
2015,MK1 1000m,3,03:33.56,213.56,Nationals,Nationals3
2015,MK1 1000m,4,03:34.87,214.87,Nationals,Nationals4
2015,MK1 1000m,5,03:36.26,216.26,Nationals,Nationals5
2015,MK1 1000m,6,03:36.96,216.96,Nationals,Nationals6
2015,MK1 1000m,7,03:38.38,218.38,Nationals,Nationals7
2015,MK1 1000m,8,03:38.46,218.46,Nationals,Nationals8
2016,MK1 1000m,1,03:25.68,205.68,Nationals,Nationals1
2016,MK1 1000m,2,03:27.51,207.51,Nationals,Nationals2
2016,MK1 1000m,3,03:27.90,207.9,Nationals,Nationals3
2016,MK1 1000m,4,03:29.43,209.43,Nationals,Nationals4
2016,MK1 1000m,5,03:30.36,210.36,Nationals,Nationals5
2016,MK1 1000m,6,03:30.92,210.92,Nationals,Nationals6
2016,MK1 1000m,7,03:32.78,212.78,Nationals,Nationals7
2016,MK1 1000m,8,03:32.92,212.92,Nationals,Nationals8
2017,MK1 1000m,1,03:37.76,217.76,Nationals,Nationals1
2017,MK1 1000m,2,03:39.05,219.05,Nationals,Nationals2
2017,MK1 1000m,3,03:39.59,219.59,Nationals,Nationals3
2017,MK1 1000m,4,03:40.43,220.43,Nationals,Nationals4
2017,MK1 1000m,5,03:42.71,222.71,Nationals,Nationals5
2017,MK1 1000m,6,03:43.30,223.3,Nationals,Nationals6
2017,MK1 1000m,7,03:45.50,225.5,Nationals,Nationals7
2017,MK1 1000m,8,03:45.62,225.62,Nationals,Nationals8
2018,MK1 1000m,1,03:29.38,209.38,Nationals,Nationals1
2018,MK1 1000m,2,03:31.34,211.34,Nationals,Nationals2
2018,MK1 1000m,3,03:33.95,213.95,Nationals,Nationals3
2018,MK1 1000m,4,03:34.18,214.18,Nationals,Nationals4
2018,MK1 1000m,5,03:34.33,214.33,Nationals,Nationals5
2018,MK1 1000m,6,03:37.61,217.61,Nationals,Nationals6
2018,MK1 1000m,7,03:39.35,219.35,Nationals,Nationals7
2018,MK1 1000m,8,03:44.03,224.03,Nationals,Nationals8
2019,MK1 1000m,1,03:29.11,209.11,Nationals,Nationals1
2019,MK1 1000m,2,03:31.86,211.86,Nationals,Nationals2
2019,MK1 1000m,3,03:34.93,214.93,Nationals,Nationals3
2019,MK1 1000m,4,03:35.37,215.37,Nationals,Nationals4
2019,MK1 1000m,5,03:39.08,219.08,Nationals,Nationals5
2019,MK1 1000m,6,03:39.33,219.33,Nationals,Nationals6
2019,MK1 1000m,7,03:42.89,222.89,Nationals,Nationals7
2012,MK1 500m,1,01:42.48,102.48,Nationals,Nationals1
2012,MK1 500m,2,01:44.33,104.33,Nationals,Nationals2
2012,MK1 500m,3,01:44.65,104.65,Nationals,Nationals3
2012,MK1 500m,4,01:46.22,106.22,Nationals,Nationals4
2012,MK1 500m,5,01:47.54,107.54,Nationals,Nationals5
2012,MK1 500m,6,01:50.83,110.83,Nationals,Nationals6
2012,MK1 500m,7,01:50.84,110.84,Nationals,Nationals7
2012,MK1 500m,8,01:51.36,111.36,Nationals,Nationals8
2013,MK1 500m,1,01:41.78,101.78,Nationals,Nationals1
2013,MK1 500m,2,01:43.14,103.14,Nationals,Nationals2
2013,MK1 500m,3,01:43.29,103.29,Nationals,Nationals3
2013,MK1 500m,4,01:43.52,103.52,Nationals,Nationals4
2013,MK1 500m,5,01:43.68,103.68,Nationals,Nationals5
2013,MK1 500m,6,01:44.06,104.06,Nationals,Nationals6
2013,MK1 500m,7,01:48.96,108.96,Nationals,Nationals7
2013,MK1 500m,8,01:55.22,115.22,Nationals,Nationals8
2014,MK1 500m,1,01:46.37,106.37,Nationals,Nationals1
2014,MK1 500m,2,01:47.14,107.14,Nationals,Nationals2
2014,MK1 500m,3,01:47.52,107.52,Nationals,Nationals3
2014,MK1 500m,4,01:47.90,107.9,Nationals,Nationals4
2014,MK1 500m,5,01:48.14,108.14,Nationals,Nationals5
2014,MK1 500m,6,01:49.32,109.32,Nationals,Nationals6
2014,MK1 500m,7,01:50.82,110.82,Nationals,Nationals7
2014,MK1 500m,8,01:51.47,111.47,Nationals,Nationals8
2015,MK1 500m,1,01:37.48,97.48,Nationals,Nationals1
2015,MK1 500m,2,01:40.20,100.2,Nationals,Nationals2
2015,MK1 500m,3,01:41.02,101.02,Nationals,Nationals3
2015,MK1 500m,4,01:41.23,101.23,Nationals,Nationals4
2015,MK1 500m,5,01:43.39,103.39,Nationals,Nationals5
2015,MK1 500m,6,01:43.51,103.51,Nationals,Nationals6
2015,MK1 500m,7,01:46.43,106.43,Nationals,Nationals7
2015,MK1 500m,8,01:46.48,106.48,Nationals,Nationals8
2016,MK1 500m,1,01:40.39,100.39,Nationals,Nationals1
2016,MK1 500m,2,01:40.71,100.71,Nationals,Nationals2
2016,MK1 500m,3,01:40.91,100.91,Nationals,Nationals3
2016,MK1 500m,4,01:42.07,102.07,Nationals,Nationals4
2016,MK1 500m,5,01:43.03,103.03,Nationals,Nationals5
2016,MK1 500m,6,01:43.59,103.59,Nationals,Nationals6
2016,MK1 500m,7,01:46.24,106.24,Nationals,Nationals7
2016,MK1 500m,8,01:51.70,111.7,Nationals,Nationals8
2017,MK1 500m,1,01:42.19,102.19,Nationals,Nationals1
2017,MK1 500m,2,01:43.53,103.53,Nationals,Nationals2
2017,MK1 500m,3,01:44.03,104.03,Nationals,Nationals3
2017,MK1 500m,4,01:45.86,105.86,Nationals,Nationals4
2017,MK1 500m,5,01:46.84,106.84,Nationals,Nationals5
2017,MK1 500m,6,01:47.97,107.97,Nationals,Nationals6
2017,MK1 500m,7,01:48.07,108.07,Nationals,Nationals7
2017,MK1 500m,8,01:48.98,108.98,Nationals,Nationals8
2018,MK1 500m,1,01:41.87,101.87,Nationals,Nationals1
2018,MK1 500m,2,01:42.62,102.62,Nationals,Nationals2
2018,MK1 500m,3,01:42.68,102.68,Nationals,Nationals3
2018,MK1 500m,4,01:42.80,102.8,Nationals,Nationals4
2018,MK1 500m,5,01:47.42,107.42,Nationals,Nationals5
2018,MK1 500m,6,01:47.83,107.83,Nationals,Nationals6
2018,MK1 500m,7,01:47.92,107.92,Nationals,Nationals7
2018,MK1 500m,8,01:48.90,108.9,Nationals,Nationals8
2019,MK1 500m,1,01:38.17,98.17,Nationals,Nationals1
2019,MK1 500m,2,01:40.10,100.1,Nationals,Nationals2
2019,MK1 500m,3,01:40.38,100.38,Nationals,Nationals3
2019,MK1 500m,4,01:42.12,102.12,Nationals,Nationals4
2019,MK1 500m,5,01:42.48,102.48,Nationals,Nationals5
2019,MK1 500m,6,01:43.08,103.08,Nationals,Nationals6
2019,MK1 500m,7,01:43.20,103.2,Nationals,Nationals7
2019,MK1 500m,8,01:44.94,104.94,Nationals,Nationals8
2012,MK1 200m,1,00:36.21,36.21,Nationals,Nationals1
2012,MK1 200m,2,00:36.72,36.72,Nationals,Nationals2
2012,MK1 200m,3,00:36.82,36.82,Nationals,Nationals3
2012,MK1 200m,4,00:37.05,37.05,Nationals,Nationals4
2012,MK1 200m,5,00:37.09,37.09,Nationals,Nationals5
2012,MK1 200m,6,00:37.22,37.22,Nationals,Nationals6
2012,MK1 200m,7,00:37.48,37.48,Nationals,Nationals7
2012,MK1 200m,8,00:38.27,38.27,Nationals,Nationals8
2013,MK1 200m,1,00:36.34,36.34,Nationals,Nationals1
2013,MK1 200m,2,00:36.62,36.62,Nationals,Nationals2
2013,MK1 200m,3,00:36.76,36.76,Nationals,Nationals3
2013,MK1 200m,4,00:37.04,37.04,Nationals,Nationals4
2013,MK1 200m,5,00:37.08,37.08,Nationals,Nationals5
2013,MK1 200m,6,00:37.12,37.12,Nationals,Nationals6
2013,MK1 200m,7,00:37.48,37.48,Nationals,Nationals7
2013,MK1 200m,8,00:37.63,37.63,Nationals,Nationals8
2014,MK1 200m,1,00:37.16,37.16,Nationals,Nationals1
2014,MK1 200m,2,00:37.29,37.29,Nationals,Nationals2
2014,MK1 200m,3,00:37.58,37.58,Nationals,Nationals3
2014,MK1 200m,4,00:37.69,37.69,Nationals,Nationals4
2014,MK1 200m,5,00:37.93,37.93,Nationals,Nationals5
2014,MK1 200m,6,00:38.88,38.88,Nationals,Nationals6
2014,MK1 200m,7,00:38.89,38.89,Nationals,Nationals7
2014,MK1 200m,8,00:39.54,39.54,Nationals,Nationals8
2015,MK1 200m,1,00:34.91,34.91,Nationals,Nationals1
2015,MK1 200m,2,00:35.01,35.01,Nationals,Nationals2
2015,MK1 200m,3,00:35.06,35.06,Nationals,Nationals3
2015,MK1 200m,4,00:35.25,35.25,Nationals,Nationals4
2015,MK1 200m,5,00:35.37,35.37,Nationals,Nationals5
2015,MK1 200m,6,00:35.64,35.64,Nationals,Nationals6
2015,MK1 200m,7,00:35.84,35.84,Nationals,Nationals7
2015,MK1 200m,8,00:35.96,35.96,Nationals,Nationals8
2016,MK1 200m,1,00:34.81,34.81,Nationals,Nationals1
2016,MK1 200m,2,00:35.81,35.81,Nationals,Nationals2
2016,MK1 200m,3,00:35.59,35.59,Nationals,Nationals3
2016,MK1 200m,4,00:35.60,35.6,Nationals,Nationals4
2016,MK1 200m,5,00:35.66,35.66,Nationals,Nationals5
2016,MK1 200m,6,00:36.50,36.5,Nationals,Nationals6
2016,MK1 200m,7,00:36.75,36.75,Nationals,Nationals7
2016,MK1 200m,8,00:37.37,37.37,Nationals,Nationals8
2017,MK1 200m,1,00:36.82,36.82,Nationals,Nationals1
2017,MK1 200m,2,00:36.94,36.94,Nationals,Nationals2
2017,MK1 200m,3,00:37.09,37.09,Nationals,Nationals3
2017,MK1 200m,4,00:37.45,37.45,Nationals,Nationals4
2017,MK1 200m,5,00:37.76,37.76,Nationals,Nationals5
2017,MK1 200m,6,00:37.97,37.97,Nationals,Nationals6
2017,MK1 200m,7,00:37.98,37.98,Nationals,Nationals7
2017,MK1 200m,8,00:38.11,38.11,Nationals,Nationals8
2018,MK1 200m,1,00:34.79,34.79,Nationals,Nationals1
2018,MK1 200m,2,00:35.31,35.31,Nationals,Nationals2
2018,MK1 200m,3,00:35.82,35.82,Nationals,Nationals3
2018,MK1 200m,4,00:36.02,36.02,Nationals,Nationals4
2018,MK1 200m,5,00:36.12,36.12,Nationals,Nationals5
2018,MK1 200m,6,00:36.15,36.15,Nationals,Nationals6
2018,MK1 200m,7,00:36.17,36.17,Nationals,Nationals7
2018,MK1 200m,8,00:36.28,36.28,Nationals,Nationals8
2019,MK1 200m,1,00:35.57,35.57,Nationals,Nationals1
2019,MK1 200m,2,00:35.57,35.57,Nationals,Nationals2
2019,MK1 200m,3,00:36.59,36.59,Nationals,Nationals3
2019,MK1 200m,4,00:36.94,36.94,Nationals,Nationals4
2019,MK1 200m,5,00:37.14,37.14,Nationals,Nationals5
2019,MK1 200m,6,00:37.61,37.61,Nationals,Nationals6
2019,MK1 200m,7,00:37.98,37.98,Nationals,Nationals7
2019,MK1 200m,8,00:38.00,38,Nationals,Nationals8
2012,MK2 1000m,1,03:16.12,196.12,Nationals,Nationals1
2012,MK2 1000m,2,03:20.60,200.6,Nationals,Nationals2
2012,MK2 1000m,3,03:20.88,200.88,Nationals,Nationals3
2012,MK2 1000m,4,03:24.74,204.74,Nationals,Nationals4
2012,MK2 1000m,5,03:25.31,205.31,Nationals,Nationals5
2012,MK2 1000m,6,03:29.05,209.05,Nationals,Nationals6
2012,MK2 1000m,7,03:29.55,209.55,Nationals,Nationals7
2012,MK2 1000m,8,03:36.18,216.18,Nationals,Nationals8
2013,MK2 1000m,1,03:28.30,208.3,Nationals,Nationals1
2013,MK2 1000m,2,03:31.90,211.9,Nationals,Nationals2
2013,MK2 1000m,3,03:33.90,213.9,Nationals,Nationals3
2013,MK2 1000m,4,03:34.00,214,Nationals,Nationals4
2013,MK2 1000m,5,03:37.00,217,Nationals,Nationals5
2013,MK2 1000m,6,03:37.80,217.8,Nationals,Nationals6
2013,MK2 1000m,7,03:42.60,222.6,Nationals,Nationals7
2014,MK2 1000m,1,03:14.09,194.09,Nationals,Nationals1
2014,MK2 1000m,2,03:16.39,196.39,Nationals,Nationals2
2014,MK2 1000m,3,03:16.92,196.92,Nationals,Nationals3
2014,MK2 1000m,4,03:17.87,197.87,Nationals,Nationals4
2014,MK2 1000m,5,03:19.95,199.95,Nationals,Nationals5
2014,MK2 1000m,6,03:23.68,203.68,Nationals,Nationals6
2014,MK2 1000m,7,03:25.64,205.64,Nationals,Nationals7
2014,MK2 1000m,8,03:29.02,209.02,Nationals,Nationals8
2015,MK2 1000m,1,03:14.92,194.92,Nationals,Nationals1
2015,MK2 1000m,2,03:19.56,199.56,Nationals,Nationals2
2015,MK2 1000m,3,03:19.79,199.79,Nationals,Nationals3
2015,MK2 1000m,4,03:19.95,199.95,Nationals,Nationals4
2015,MK2 1000m,5,03:22.22,202.22,Nationals,Nationals5
2015,MK2 1000m,6,03:22.42,202.42,Nationals,Nationals6
2015,MK2 1000m,7,03:25.70,205.7,Nationals,Nationals7
2015,MK2 1000m,8,03:28.12,208.12,Nationals,Nationals8
2016,MK2 1000m,1,03:09.74,189.74,Nationals,Nationals1
2016,MK2 1000m,2,03:09.82,189.82,Nationals,Nationals2
2016,MK2 1000m,3,03:11.93,191.93,Nationals,Nationals3
2016,MK2 1000m,4,03:15.57,195.57,Nationals,Nationals4
2016,MK2 1000m,5,03:19.03,199.03,Nationals,Nationals5
2016,MK2 1000m,6,03:19.38,199.38,Nationals,Nationals6
2016,MK2 1000m,7,03:19.89,199.89,Nationals,Nationals7
2016,MK2 1000m,8,03:25.27,205.27,Nationals,Nationals8
2017,MK2 1000m,1,03:20.65,200.65,Nationals,Nationals1
2017,MK2 1000m,2,03:22.67,202.67,Nationals,Nationals2
2017,MK2 1000m,3,03:24.27,204.27,Nationals,Nationals3
2017,MK2 1000m,4,03:26.89,206.89,Nationals,Nationals4
2017,MK2 1000m,5,03:27.23,207.23,Nationals,Nationals5
2017,MK2 1000m,6,03:31.37,211.37,Nationals,Nationals6
2017,MK2 1000m,7,03:28.11,208.11,Nationals,Nationals7
2017,MK2 1000m,8,03:51.20,231.2,Nationals,Nationals8
2018,MK2 1000m,1,03:08.60,188.6,Nationals,Nationals1
2018,MK2 1000m,2,03:10.55,190.55,Nationals,Nationals2
2018,MK2 1000m,3,03:13.13,193.13,Nationals,Nationals3
2018,MK2 1000m,4,03:13.27,193.27,Nationals,Nationals4
2018,MK2 1000m,5,03:20.56,200.56,Nationals,Nationals5
2018,MK2 1000m,6,03:24.79,204.79,Nationals,Nationals6
2018,MK2 1000m,7,03:28.12,208.12,Nationals,Nationals7
2018,MK2 1000m,8,03:28.42,208.42,Nationals,Nationals8
2019,MK2 1000m,1,03:09.99,189.99,Nationals,Nationals1
2019,MK2 1000m,2,03:11.77,191.77,Nationals,Nationals2
2019,MK2 1000m,3,03:12.12,192.12,Nationals,Nationals3
2019,MK2 1000m,4,03:19.63,199.63,Nationals,Nationals4
2019,MK2 1000m,5,03:19.70,199.7,Nationals,Nationals5
2019,MK2 1000m,6,03:20.34,200.34,Nationals,Nationals6
2019,MK2 1000m,7,03:24.58,204.58,Nationals,Nationals7
2019,MK2 1000m,8,03:28.16,208.16,Nationals,Nationals8
2012,MK2 500m,1,01:33.43,93.43,Nationals,Nationals1
2012,MK2 500m,2,01:37.16,97.16,Nationals,Nationals2
2012,MK2 500m,3,01:38.70,98.7,Nationals,Nationals3
2012,MK2 500m,4,01:39.52,99.52,Nationals,Nationals4
2012,MK2 500m,5,01:40.96,100.96,Nationals,Nationals5
2012,MK2 500m,6,01:43.73,103.73,Nationals,Nationals6
2012,MK2 500m,7,01:44.72,104.72,Nationals,Nationals7
2012,MK2 500m,8,01:48.18,108.18,Nationals,Nationals8
2013,MK2 500m,1,01:33.18,93.18,Nationals,Nationals1
2013,MK2 500m,2,01:33.22,93.22,Nationals,Nationals2
2013,MK2 500m,3,01:34.54,94.54,Nationals,Nationals3
2013,MK2 500m,4,01:35.12,95.12,Nationals,Nationals4
2013,MK2 500m,5,01:37.10,97.1,Nationals,Nationals5
2013,MK2 500m,6,01:37.69,97.69,Nationals,Nationals6
2013,MK2 500m,7,01:39.66,99.66,Nationals,Nationals7
2013,MK2 500m,8,01:40.11,100.11,Nationals,Nationals8
2014,MK2 500m,1,01:36.54,96.54,Nationals,Nationals1
2014,MK2 500m,2,01:37.22,97.22,Nationals,Nationals2
2014,MK2 500m,3,01:38.25,98.25,Nationals,Nationals3
2014,MK2 500m,4,01:39.84,99.84,Nationals,Nationals4
2014,MK2 500m,5,01:42.26,102.26,Nationals,Nationals5
2014,MK2 500m,6,01:44.87,104.87,Nationals,Nationals6
2015,MK2 500m,1,01:33.13,93.13,Nationals,Nationals1
2015,MK2 500m,2,01:33.47,93.47,Nationals,Nationals2
2015,MK2 500m,3,01:34.54,94.54,Nationals,Nationals3
2015,MK2 500m,4,01:38.74,98.74,Nationals,Nationals4
2015,MK2 500m,5,01:40.74,100.74,Nationals,Nationals5
2015,MK2 500m,6,01:41.57,101.57,Nationals,Nationals6
2015,MK2 500m,7,01:46.61,106.61,Nationals,Nationals7
2015,MK2 500m,8,01:47.52,107.52,Nationals,Nationals8
2016,MK2 500m,1,01:38.31,98.31,Nationals,Nationals1
2016,MK2 500m,2,01:40.04,100.04,Nationals,Nationals2
2016,MK2 500m,3,01:40.98,100.98,Nationals,Nationals3
2016,MK2 500m,4,01:42.06,102.06,Nationals,Nationals4
2016,MK2 500m,5,01:42.15,102.15,Nationals,Nationals5
2016,MK2 500m,6,01:43.59,103.59,Nationals,Nationals6
2016,MK2 500m,7,01:45.48,105.48,Nationals,Nationals7
2016,MK2 500m,8,01:47.63,107.63,Nationals,Nationals8
2017,MK2 500m,1,01:34.00,94,Nationals,Nationals1
2017,MK2 500m,2,01:34.33,94.33,Nationals,Nationals2
2017,MK2 500m,3,01:35.36,95.36,Nationals,Nationals3
2017,MK2 500m,4,01:35.76,95.76,Nationals,Nationals4
2017,MK2 500m,5,01:38.75,98.75,Nationals,Nationals5
2017,MK2 500m,6,01:38.79,98.79,Nationals,Nationals6
2017,MK2 500m,7,01:38.80,98.8,Nationals,Nationals7
2017,MK2 500m,8,01:38.94,98.94,Nationals,Nationals8
2018,MK2 500m,1,01:30.25,90.25,Nationals,Nationals1
2018,MK2 500m,2,01:32.04,92.04,Nationals,Nationals2
2018,MK2 500m,3,01:32.51,92.51,Nationals,Nationals3
2018,MK2 500m,4,01:32.66,92.66,Nationals,Nationals4
2018,MK2 500m,5,01:35.58,95.58,Nationals,Nationals5
2018,MK2 500m,6,01:36.28,96.28,Nationals,Nationals6
2018,MK2 500m,7,01:36.45,96.45,Nationals,Nationals7
2018,MK2 500m,8,01:37.43,97.43,Nationals,Nationals8
2019,MK2 500m,1,01:29.85,89.85,Nationals,Nationals1
2019,MK2 500m,2,01:30.68,90.68,Nationals,Nationals2
2019,MK2 500m,3,01:31.08,91.08,Nationals,Nationals3
2019,MK2 500m,4,01:31.53,91.53,Nationals,Nationals4
2019,MK2 500m,5,01:31.65,91.65,Nationals,Nationals5
2019,MK2 500m,6,01:33.98,93.98,Nationals,Nationals6
2019,MK2 500m,7,01:34.69,94.69,Nationals,Nationals7
2019,MK2 500m,8,01:35.89,95.89,Nationals,Nationals8
2012,MK2 200m,1,00:33.04,33.04,Nationals,Nationals1
2012,MK2 200m,2,00:33.75,33.75,Nationals,Nationals2
2012,MK2 200m,3,00:34.04,34.04,Nationals,Nationals3
2012,MK2 200m,4,00:34.16,34.16,Nationals,Nationals4
2012,MK2 200m,5,00:35.45,35.45,Nationals,Nationals5
2012,MK2 200m,6,00:35.47,35.47,Nationals,Nationals6
2012,MK2 200m,7,00:35.75,35.75,Nationals,Nationals7
2012,MK2 200m,8,00:35.93,35.93,Nationals,Nationals8
2013,MK2 200m,1,00:33.41,33.41,Nationals,Nationals1
2013,MK2 200m,2,00:33.49,33.49,Nationals,Nationals2
2013,MK2 200m,3,00:34.20,34.2,Nationals,Nationals3
2013,MK2 200m,4,00:34.63,34.63,Nationals,Nationals4
2013,MK2 200m,5,00:34.89,34.89,Nationals,Nationals5
2013,MK2 200m,6,00:35.35,35.35,Nationals,Nationals6
2013,MK2 200m,7,00:35.57,35.57,Nationals,Nationals7
2013,MK2 200m,8,00:36.04,36.04,Nationals,Nationals8
2014,MK2 200m,1,00:35.28,35.28,Nationals,Nationals1
2014,MK2 200m,2,00:35.54,35.54,Nationals,Nationals2
2014,MK2 200m,3,00:36.28,36.28,Nationals,Nationals3
2014,MK2 200m,4,00:36.60,36.6,Nationals,Nationals4
2014,MK2 200m,5,00:36.79,36.79,Nationals,Nationals5
2014,MK2 200m,6,00:37.03,37.03,Nationals,Nationals6
2014,MK2 200m,7,00:37.18,37.18,Nationals,Nationals7
2014,MK2 200m,8,00:37.22,37.22,Nationals,Nationals8
2015,MK2 200m,1,00:32.76,32.76,Nationals,Nationals1
2015,MK2 200m,2,00:32.83,32.83,Nationals,Nationals2
2015,MK2 200m,3,00:33.10,33.1,Nationals,Nationals3
2015,MK2 200m,4,00:33.44,33.44,Nationals,Nationals4
2015,MK2 200m,5,00:33.85,33.85,Nationals,Nationals5
2015,MK2 200m,6,00:33.98,33.98,Nationals,Nationals6
2015,MK2 200m,7,00:34.30,34.3,Nationals,Nationals7
2015,MK2 200m,8,00:34.79,34.79,Nationals,Nationals8
2016,MK2 200m,1,00:33.59,33.59,Nationals,Nationals1
2016,MK2 200m,2,00:33.84,33.84,Nationals,Nationals2
2016,MK2 200m,3,00:34.50,34.5,Nationals,Nationals3
2016,MK2 200m,4,00:34.93,34.93,Nationals,Nationals4
2016,MK2 200m,5,00:35.73,35.73,Nationals,Nationals5
2016,MK2 200m,6,00:35.79,35.79,Nationals,Nationals6
2016,MK2 200m,7,00:35.87,35.87,Nationals,Nationals7
2016,MK2 200m,8,00:35.93,35.93,Nationals,Nationals8
2017,MK2 200m,1,00:34.00,34,Nationals,Nationals1
2017,MK2 200m,2,00:34.37,34.37,Nationals,Nationals2
2017,MK2 200m,3,00:34.46,34.46,Nationals,Nationals3
2017,MK2 200m,4,00:36.68,36.68,Nationals,Nationals4
2017,MK2 200m,5,00:34.88,34.88,Nationals,Nationals5
2017,MK2 200m,6,00:34.89,34.89,Nationals,Nationals6
2017,MK2 200m,7,00:34.96,34.96,Nationals,Nationals7
2017,MK2 200m,8,00:35.32,35.32,Nationals,Nationals8
2018,MK2 200m,1,00:33.61,33.61,Nationals,Nationals1
2018,MK2 200m,2,00:35.25,35.25,Nationals,Nationals2
2018,MK2 200m,3,00:35.75,35.75,Nationals,Nationals3
2018,MK2 200m,4,00:35.80,35.8,Nationals,Nationals4
2018,MK2 200m,5,00:35.97,35.97,Nationals,Nationals5
2018,MK2 200m,6,00:37.19,37.19,Nationals,Nationals6
2018,MK2 200m,7,00:41.09,41.09,Nationals,Nationals7
2018,MK2 200m,8,00:42.73,42.73,Nationals,Nationals8
2019,MK2 200m,1,00:33.70,33.7,Nationals,Nationals1
2019,MK2 200m,2,00:34.54,34.54,Nationals,Nationals2
2019,MK2 200m,3,00:34.72,34.72,Nationals,Nationals3
2019,MK2 200m,4,00:34.75,34.75,Nationals,Nationals4
2019,MK2 200m,5,00:35.86,35.86,Nationals,Nationals5
2019,MK2 200m,6,00:35.91,35.91,Nationals,Nationals6
2019,MK2 200m,7,00:36.68,36.68,Nationals,Nationals7
2019,MK2 200m,8,00:39.40,39.4,Nationals,Nationals8
2012,WK1 500m,1,01:49.60,109.6,Nationals,Nationals1
2012,WK1 500m,2,01:49.90,109.9,Nationals,Nationals2
2012,WK1 500m,3,01:53.30,113.3,Nationals,Nationals3
2012,WK1 500m,4,01:53.40,113.4,Nationals,Nationals4
2012,WK1 500m,5,01:53.62,113.62,Nationals,Nationals5
2012,WK1 500m,6,01:53.89,113.89,Nationals,Nationals6
2012,WK1 500m,7,01:55.02,115.02,Nationals,Nationals7
2012,WK1 500m,8,01:55.37,115.37,Nationals,Nationals8
2013,WK1 500m,1,02:00.40,120.4,Nationals,Nationals1
2013,WK1 500m,2,02:01.28,121.28,Nationals,Nationals2
2013,WK1 500m,3,02:02.10,122.1,Nationals,Nationals3
2013,WK1 500m,4,02:02.30,122.3,Nationals,Nationals4
2013,WK1 500m,5,02:04.50,124.5,Nationals,Nationals5
2013,WK1 500m,6,02:05.20,125.2,Nationals,Nationals6
2013,WK1 500m,7,02:07.40,127.4,Nationals,Nationals7
2013,WK1 500m,8,02:08.40,128.4,Nationals,Nationals8
2014,WK1 500m,1,01:54.83,114.83,Nationals,Nationals1
2014,WK1 500m,2,01:54.86,114.86,Nationals,Nationals2
2014,WK1 500m,3,01:56.27,116.27,Nationals,Nationals3
2014,WK1 500m,4,01:57.82,117.82,Nationals,Nationals4
2014,WK1 500m,5,01:58.07,118.07,Nationals,Nationals5
2014,WK1 500m,6,01:58.71,118.71,Nationals,Nationals6
2014,WK1 500m,7,02:09.72,129.72,Nationals,Nationals7
2014,WK1 500m,8,02:00.46,120.46,Nationals,Nationals8
2015,WK1 500m,1,01:48.67,108.67,Nationals,Nationals1
2015,WK1 500m,2,01:50.95,110.95,Nationals,Nationals2
2015,WK1 500m,3,01:50.97,110.97,Nationals,Nationals3
2015,WK1 500m,4,01:51.28,111.28,Nationals,Nationals4
2015,WK1 500m,5,01:52.17,112.17,Nationals,Nationals5
2015,WK1 500m,6,01:54.25,114.25,Nationals,Nationals6
2015,WK1 500m,7,01:54.50,114.5,Nationals,Nationals7
2015,WK1 500m,8,01:55.34,115.34,Nationals,Nationals8
2016,WK1 500m,1,01:48.02,108.02,Nationals,Nationals1
2016,WK1 500m,2,01:48.60,108.6,Nationals,Nationals2
2016,WK1 500m,3,01:49.32,109.32,Nationals,Nationals3
2016,WK1 500m,4,01:50.00,110,Nationals,Nationals4
2016,WK1 500m,5,01:50.65,110.65,Nationals,Nationals5
2016,WK1 500m,6,01:52.97,112.97,Nationals,Nationals6
2016,WK1 500m,7,01:55.65,115.65,Nationals,Nationals7
2016,WK1 500m,8,01:56.74,116.74,Nationals,Nationals8
2017,WK1 500m,1,01:55.34,115.34,Nationals,Nationals1
2017,WK1 500m,2,01:56.04,116.04,Nationals,Nationals2
2017,WK1 500m,3,01:57.02,117.02,Nationals,Nationals3
2017,WK1 500m,4,01:58.79,118.79,Nationals,Nationals4
2017,WK1 500m,5,01:59.30,119.3,Nationals,Nationals5
2017,WK1 500m,6,01:59.75,119.75,Nationals,Nationals6
2017,WK1 500m,7,02:00.99,120.99,Nationals,Nationals7
2017,WK1 500m,8,02:01.39,121.39,Nationals,Nationals8
2018,WK1 500m,1,01:51.62,111.62,Nationals,Nationals1
2018,WK1 500m,2,01:52.86,112.86,Nationals,Nationals2
2018,WK1 500m,3,01:53.84,113.84,Nationals,Nationals3
2018,WK1 500m,4,01:56.03,116.03,Nationals,Nationals4
2018,WK1 500m,5,01:56.65,116.65,Nationals,Nationals5
2018,WK1 500m,6,01:58.82,118.82,Nationals,Nationals6
2018,WK1 500m,7,01:59.52,119.52,Nationals,Nationals7
2018,WK1 500m,8,02:02.10,122.1,Nationals,Nationals8
2019,WK1 500m,1,01:49.16,109.16,Nationals,Nationals1
2019,WK1 500m,2,01:49.99,109.99,Nationals,Nationals2
2019,WK1 500m,3,01:51.72,111.72,Nationals,Nationals3
2019,WK1 500m,4,01:52.33,112.33,Nationals,Nationals4
2019,WK1 500m,5,01:52.87,112.87,Nationals,Nationals5
2019,WK1 500m,6,01:53.26,113.26,Nationals,Nationals6
2019,WK1 500m,7,01:55.93,115.93,Nationals,Nationals7
2019,WK1 500m,8,01:56.29,116.29,Nationals,Nationals8
2012,WK1 200m,1,00:40.99,40.99,Nationals,Nationals1
2012,WK1 200m,2,00:41.76,41.76,Nationals,Nationals2
2012,WK1 200m,3,00:41.91,41.91,Nationals,Nationals3
2012,WK1 200m,4,00:42.27,42.27,Nationals,Nationals4
2012,WK1 200m,5,00:43.16,43.16,Nationals,Nationals5
2012,WK1 200m,6,00:44.19,44.19,Nationals,Nationals6
2012,WK1 200m,7,00:44.31,44.31,Nationals,Nationals7
2012,WK1 200m,8,00:45.62,45.62,Nationals,Nationals8
2013,WK1 200m,1,00:41.88,41.88,Nationals,Nationals1
2013,WK1 200m,2,00:42.27,42.27,Nationals,Nationals2
2013,WK1 200m,3,00:43.79,43.79,Nationals,Nationals3
2013,WK1 200m,4,00:43.81,43.81,Nationals,Nationals4
2013,WK1 200m,5,00:44.45,44.45,Nationals,Nationals5
2013,WK1 200m,6,00:44.58,44.58,Nationals,Nationals6
2013,WK1 200m,7,00:44.92,44.92,Nationals,Nationals7
2013,WK1 200m,8,00:45.40,45.4,Nationals,Nationals8
2014,WK1 200m,1,00:42.93,42.93,Nationals,Nationals1
2014,WK1 200m,2,00:44.30,44.3,Nationals,Nationals2
2014,WK1 200m,3,00:44.98,44.98,Nationals,Nationals3
2014,WK1 200m,4,00:45.00,45,Nationals,Nationals4
2014,WK1 200m,5,00:45.17,45.17,Nationals,Nationals5
2014,WK1 200m,6,00:46.05,46.05,Nationals,Nationals6
2014,WK1 200m,7,00:46.14,46.14,Nationals,Nationals7
2014,WK1 200m,8,00:46.75,46.75,Nationals,Nationals8
2015,WK1 200m,1,00:40.65,40.65,Nationals,Nationals1
2015,WK1 200m,2,00:40.90,40.9,Nationals,Nationals2
2015,WK1 200m,3,00:42.18,42.18,Nationals,Nationals3
2015,WK1 200m,4,00:42.90,42.9,Nationals,Nationals4
2015,WK1 200m,5,00:43.06,43.06,Nationals,Nationals5
2015,WK1 200m,6,00:43.20,43.2,Nationals,Nationals6
2015,WK1 200m,7,00:44.30,44.3,Nationals,Nationals7
2015,WK1 200m,8,00:44.68,44.68,Nationals,Nationals8
2016,WK1 200m,1,00:40.78,40.78,Nationals,Nationals1
2016,WK1 200m,2,00:40.87,40.87,Nationals,Nationals2
2016,WK1 200m,3,00:42.25,42.25,Nationals,Nationals3
2016,WK1 200m,4,00:42.53,42.53,Nationals,Nationals4
2016,WK1 200m,5,00:42.61,42.61,Nationals,Nationals5
2016,WK1 200m,6,00:42.89,42.89,Nationals,Nationals6
2016,WK1 200m,7,00:43.33,43.33,Nationals,Nationals7
2016,WK1 200m,8,00:43.75,43.75,Nationals,Nationals8
2017,WK1 200m,1,00:42.46,42.46,Nationals,Nationals1
2017,WK1 200m,2,00:43.08,43.08,Nationals,Nationals2
2017,WK1 200m,3,00:43.09,43.09,Nationals,Nationals3
2017,WK1 200m,4,00:43.96,43.96,Nationals,Nationals4
2017,WK1 200m,5,00:44.02,44.02,Nationals,Nationals5
2017,WK1 200m,6,00:44.01,44.01,Nationals,Nationals6
2017,WK1 200m,7,00:44.56,44.56,Nationals,Nationals7
2017,WK1 200m,8,00:45.05,45.05,Nationals,Nationals8
2018,WK1 200m,1,00:39.18,39.18,Nationals,Nationals1
2018,WK1 200m,2,00:40.22,40.22,Nationals,Nationals2
2018,WK1 200m,3,00:40.39,40.39,Nationals,Nationals3
2018,WK1 200m,4,00:40.47,40.47,Nationals,Nationals4
2018,WK1 200m,5,00:40.96,40.96,Nationals,Nationals5
2018,WK1 200m,6,00:41.41,41.41,Nationals,Nationals6
2018,WK1 200m,7,00:41.67,41.67,Nationals,Nationals7
2018,WK1 200m,8,00:41.98,41.98,Nationals,Nationals8
2019,WK1 200m,1,00:40.41,40.41,Nationals,Nationals1
2019,WK1 200m,2,00:40.52,40.52,Nationals,Nationals2
2019,WK1 200m,3,00:41.06,41.06,Nationals,Nationals3
2019,WK1 200m,4,00:41.36,41.36,Nationals,Nationals4
2019,WK1 200m,5,00:41.60,41.6,Nationals,Nationals5
2019,WK1 200m,6,00:41.65,41.65,Nationals,Nationals6
2019,WK1 200m,7,00:41.90,41.9,Nationals,Nationals7
2019,WK1 200m,8,00:42.74,42.74,Nationals,Nationals8
2012,WK2 500m,1,01:41.18,101.18,Nationals,Nationals1
2012,WK2 500m,2,01:42.22,102.22,Nationals,Nationals2
2012,WK2 500m,3,01:42.81,102.81,Nationals,Nationals3
2012,WK2 500m,4,01:42.98,102.98,Nationals,Nationals4
2012,WK2 500m,5,01:47.57,107.57,Nationals,Nationals5
2012,WK2 500m,6,01:48.82,108.82,Nationals,Nationals6
2012,WK2 500m,7,01:50.92,110.92,Nationals,Nationals7
2012,WK2 500m,8,01:53.70,113.7,Nationals,Nationals8
2013,WK2 500m,1,01:51.15,111.15,Nationals,Nationals1
2013,WK2 500m,2,01:54.30,114.3,Nationals,Nationals2
2013,WK2 500m,3,01:54.88,114.88,Nationals,Nationals3
2013,WK2 500m,4,01:55.21,115.21,Nationals,Nationals4
2013,WK2 500m,5,01:57.17,117.17,Nationals,Nationals5
2013,WK2 500m,6,01:57.36,117.36,Nationals,Nationals6
2013,WK2 500m,7,02:03.70,123.7,Nationals,Nationals7
2014,WK2 500m,1,01:45.90,105.9,Nationals,Nationals1
2014,WK2 500m,2,01:48.02,108.02,Nationals,Nationals2
2014,WK2 500m,3,01:48.14,108.14,Nationals,Nationals3
2014,WK2 500m,4,01:49.50,109.5,Nationals,Nationals4
2014,WK2 500m,5,01:53.08,113.08,Nationals,Nationals5
2014,WK2 500m,6,01:54.41,114.41,Nationals,Nationals6
2014,WK2 500m,7,01:55.58,115.58,Nationals,Nationals7
2014,WK2 500m,8,01:57.38,117.38,Nationals,Nationals8
2015,WK2 500m,1,01:46.54,106.54,Nationals,Nationals1
2015,WK2 500m,2,01:46.80,106.8,Nationals,Nationals2
2015,WK2 500m,3,01:47.71,107.71,Nationals,Nationals3
2015,WK2 500m,4,01:49.34,109.34,Nationals,Nationals4
2015,WK2 500m,5,01:52.89,112.89,Nationals,Nationals5
2015,WK2 500m,6,01:53.82,113.82,Nationals,Nationals6
2015,WK2 500m,7,01:54.30,114.3,Nationals,Nationals7
2015,WK2 500m,8,01:55.22,115.22,Nationals,Nationals8
2016,WK2 500m,1,01:40.49,100.49,Nationals,Nationals1
2016,WK2 500m,2,01:41.75,101.75,Nationals,Nationals2
2016,WK2 500m,3,01:43.77,103.77,Nationals,Nationals3
2016,WK2 500m,4,01:45.73,105.73,Nationals,Nationals4
2016,WK2 500m,5,01:46.05,106.05,Nationals,Nationals5
2016,WK2 500m,6,01:49.15,109.15,Nationals,Nationals6
2016,WK2 500m,7,01:50.13,110.13,Nationals,Nationals7
2016,WK2 500m,8,01:51.89,111.89,Nationals,Nationals8
2017,WK2 500m,1,01:46.47,106.47,Nationals,Nationals1
2017,WK2 500m,2,01:49.48,109.48,Nationals,Nationals2
2017,WK2 500m,3,01:49.90,109.9,Nationals,Nationals3
2017,WK2 500m,4,01:49.97,109.97,Nationals,Nationals4
2017,WK2 500m,5,01:51.31,111.31,Nationals,Nationals5
2017,WK2 500m,6,01:55.14,115.14,Nationals,Nationals6
2017,WK2 500m,7,01:55.97,115.97,Nationals,Nationals7
2017,WK2 500m,8,01:56.13,116.13,Nationals,Nationals8
2018,WK2 500m,1,01:40.70,100.7,Nationals,Nationals1
2018,WK2 500m,2,01:41.98,101.98,Nationals,Nationals2
2018,WK2 500m,3,01:42.59,102.59,Nationals,Nationals3
2018,WK2 500m,4,01:49.78,109.78,Nationals,Nationals4
2018,WK2 500m,5,01:50.65,110.65,Nationals,Nationals5
2018,WK2 500m,6,01:52.43,112.43,Nationals,Nationals6
2018,WK2 500m,7,01:53.12,113.12,Nationals,Nationals7
2018,WK2 500m,8,01:57.66,117.66,Nationals,Nationals8
2019,WK2 500m,1,01:42.42,102.42,Nationals,Nationals1
2019,WK2 500m,2,01:42.69,102.69,Nationals,Nationals2
2019,WK2 500m,3,01:44.90,104.9,Nationals,Nationals3
2019,WK2 500m,4,01:46.46,106.46,Nationals,Nationals4
2019,WK2 500m,5,01:50.95,110.95,Nationals,Nationals5
2019,WK2 500m,6,01:51.16,111.16,Nationals,Nationals6
2019,WK2 500m,7,01:58.14,118.14,Nationals,Nationals7
2019,WK2 500m,8,02:03.22,123.22,Nationals,Nationals8
2012,WK2 200m,1,00:38.95,38.95,Nationals,Nationals1
2012,WK2 200m,2,00:39.31,39.31,Nationals,Nationals2
2012,WK2 200m,3,00:41.54,41.54,Nationals,Nationals3
2012,WK2 200m,4,00:42.75,42.75,Nationals,Nationals4
2012,WK2 200m,5,00:42.84,42.84,Nationals,Nationals5
2012,WK2 200m,6,00:43.09,43.09,Nationals,Nationals6
2012,WK2 200m,7,00:45.27,45.27,Nationals,Nationals7
2012,WK2 200m,8,00:45.97,45.97,Nationals,Nationals8
2013,WK2 200m,1,00:40.47,40.47,Nationals,Nationals1
2013,WK2 200m,2,00:41.97,41.97,Nationals,Nationals2
2013,WK2 200m,3,00:42.30,42.3,Nationals,Nationals3
2013,WK2 200m,4,00:42.88,42.88,Nationals,Nationals4
2013,WK2 200m,5,00:43.26,43.26,Nationals,Nationals5
2013,WK2 200m,6,00:44.01,44.01,Nationals,Nationals6
2013,WK2 200m,7,00:45.12,45.12,Nationals,Nationals7
2013,WK2 200m,8,00:45.27,45.27,Nationals,Nationals8
2014,WK2 200m,1,00:42.11,42.11,Nationals,Nationals1
2014,WK2 200m,2,00:42.50,42.5,Nationals,Nationals2
2014,WK2 200m,3,00:43.59,43.59,Nationals,Nationals3
2014,WK2 200m,4,00:44.61,44.61,Nationals,Nationals4
2014,WK2 200m,5,00:44.95,44.95,Nationals,Nationals5
2014,WK2 200m,6,00:46.03,46.03,Nationals,Nationals6
2014,WK2 200m,7,00:46.42,46.42,Nationals,Nationals7
2014,WK2 200m,8,00:46.67,46.67,Nationals,Nationals8
2015,WK2 200m,1,00:38.21,38.21,Nationals,Nationals1
2015,WK2 200m,2,00:39.56,39.56,Nationals,Nationals2
2015,WK2 200m,3,00:39.90,39.9,Nationals,Nationals3
2015,WK2 200m,4,00:40.81,40.81,Nationals,Nationals4
2015,WK2 200m,5,00:41.35,41.35,Nationals,Nationals5
2015,WK2 200m,6,00:41.75,41.75,Nationals,Nationals6
2015,WK2 200m,7,00:42.77,42.77,Nationals,Nationals7
2015,WK2 200m,8,00:43.77,43.77,Nationals,Nationals8
2016,WK2 200m,1,00:39.04,39.04,Nationals,Nationals1
2016,WK2 200m,2,00:39.51,39.51,Nationals,Nationals2
2016,WK2 200m,3,00:40.25,40.25,Nationals,Nationals3
2016,WK2 200m,4,00:41.68,41.68,Nationals,Nationals4
2016,WK2 200m,5,00:41.86,41.86,Nationals,Nationals5
2016,WK2 200m,6,00:44.83,44.83,Nationals,Nationals6
2016,WK2 200m,7,00:44.99,44.99,Nationals,Nationals7
2017,WK2 200m,1,00:39.53,39.53,Nationals,Nationals1
2017,WK2 200m,2,00:40.14,40.14,Nationals,Nationals2
2017,WK2 200m,3,00:41.04,41.04,Nationals,Nationals3
2017,WK2 200m,4,00:41.05,41.05,Nationals,Nationals4
2017,WK2 200m,5,00:42.64,42.64,Nationals,Nationals5
2017,WK2 200m,6,00:42.89,42.89,Nationals,Nationals6
2017,WK2 200m,7,00:43.33,43.33,Nationals,Nationals7
2017,WK2 200m,8,00:44.21,44.21,Nationals,Nationals8
2018,WK2 200m,1,00:38.17,38.17,Nationals,Nationals1
2018,WK2 200m,2,00:38.99,38.99,Nationals,Nationals2
2018,WK2 200m,3,00:39.15,39.15,Nationals,Nationals3
2018,WK2 200m,4,00:39.71,39.71,Nationals,Nationals4
2018,WK2 200m,5,00:42.59,42.59,Nationals,Nationals5
2018,WK2 200m,6,00:43.68,43.68,Nationals,Nationals6
2018,WK2 200m,7,00:43.75,43.75,Nationals,Nationals7
2018,WK2 200m,8,00:44.96,44.96,Nationals,Nationals8
2019,WK2 200m,1,00:37.75,37.75,Nationals,Nationals1
2019,WK2 200m,2,00:39.25,39.25,Nationals,Nationals2
2019,WK2 200m,3,00:39.36,39.36,Nationals,Nationals3
2019,WK2 200m,4,00:41.16,41.16,Nationals,Nationals4
2019,WK2 200m,5,00:42.87,42.87,Nationals,Nationals5
2019,WK2 200m,6,00:44.25,44.25,Nationals,Nationals6
2019,WK2 200m,7,00:45.79,45.79,Nationals,Nationals7
2019,WK2 200m,8,00:48.15,48.15,Nationals,Nationals8
2012,MK1 1000m,1,03:26.46,206.462,World Championships,World Championships1
2012,MK1 1000m,2,03:27.17,207.17,World Championships,World Championships2
2012,MK1 1000m,3,03:27.76,207.759,World Championships,World Championships3
2012,MK1 1000m,4,03:29.48,209.483,World Championships,World Championships4
2012,MK1 1000m,5,03:29.92,209.919,World Championships,World Championships5
2012,MK1 1000m,6,03:32.40,212.396,World Championships,World Championships6
2012,MK1 1000m,7,03:32.52,212.521,World Championships,World Championships7
2012,MK1 1000m,8,03:34.83,214.833,World Championships,World Championships8
2013,MK1 1000m,1,03:44.21,224.21,World Championships,World Championships1
2013,MK1 1000m,2,03:44.65,224.652,World Championships,World Championships2
2013,MK1 1000m,3,03:44.68,224.68,World Championships,World Championships3
2013,MK1 1000m,4,03:45.78,225.782,World Championships,World Championships4
2013,MK1 1000m,5,03:46.88,226.88,World Championships,World Championships5
2013,MK1 1000m,6,03:47.93,227.935,World Championships,World Championships6
2013,MK1 1000m,7,03:49.38,229.381,World Championships,World Championships7
2013,MK1 1000m,8,03:49.52,229.521,World Championships,World Championships8
2014,MK1 1000m,1,03:25.09,205.092,World Championships,World Championships1
2014,MK1 1000m,2,03:26.41,206.409,World Championships,World Championships2
2014,MK1 1000m,3,03:26.48,206.48,World Championships,World Championships3
2014,MK1 1000m,4,03:26.52,206.519,World Championships,World Championships4
2014,MK1 1000m,5,03:26.95,206.954,World Championships,World Championships5
2014,MK1 1000m,6,03:27.37,207.367,World Championships,World Championships6
2014,MK1 1000m,7,03:27.74,207.739,World Championships,World Championships7
2014,MK1 1000m,8,03:28.92,208.922,World Championships,World Championships8
2015,MK1 1000m,1,03:25.81,205.815,World Championships,World Championships1
2015,MK1 1000m,2,03:26.30,206.298,World Championships,World Championships2
2015,MK1 1000m,3,03:26.54,206.535,World Championships,World Championships3
2015,MK1 1000m,4,03:28.04,208.038,World Championships,World Championships4
2015,MK1 1000m,5,03:28.39,208.388,World Championships,World Championships5
2015,MK1 1000m,6,03:28.72,208.718,World Championships,World Championships6
2015,MK1 1000m,7,03:29.32,209.323,World Championships,World Championships7
2015,MK1 1000m,8,03:29.38,209.378,World Championships,World Championships8
2016,MK1 1000m,1,03:31.45,211.447,World Championships,World Championships1
2016,MK1 1000m,2,03:32.14,212.145,World Championships,World Championships2
2016,MK1 1000m,3,03:33.36,213.363,World Championships,World Championships3
2016,MK1 1000m,4,03:33.74,213.741,World Championships,World Championships4
2016,MK1 1000m,5,03:35.35,215.349,World Championships,World Championships5
2016,MK1 1000m,6,03:36.80,216.8,World Championships,World Championships6
2016,MK1 1000m,7,03:37.50,217.5,World Championships,World Championships7
2016,MK1 1000m,8,03:40.70,220.7,World Championships,World Championships8
2017,MK1 1000m,1,03:27.75,207.75,World Championships,World Championships1
2017,MK1 1000m,2,03:27.99,207.99,World Championships,World Championships2
2017,MK1 1000m,3,03:28.58,208.58,World Championships,World Championships3
2017,MK1 1000m,4,03:29.59,209.59,World Championships,World Championships4
2017,MK1 1000m,5,03:29.81,209.81,World Championships,World Championships5
2017,MK1 1000m,6,03:30.92,210.92,World Championships,World Championships6
2017,MK1 1000m,7,03:31.04,211.04,World Championships,World Championships7
2017,MK1 1000m,8,03:32.73,212.73,World Championships,World Championships8
2017,MK1 1000m,9,03:33.12,213.12,World Championships,World Championships9
2018,MK1 1000m,1,03:27.66,207.66,World Championships,World Championships1
2018,MK1 1000m,2,03:28.39,208.39,World Championships,World Championships2
2018,MK1 1000m,3,03:29.18,209.18,World Championships,World Championships3
2018,MK1 1000m,4,03:29.92,209.92,World Championships,World Championships4
2018,MK1 1000m,5,03:31.68,211.68,World Championships,World Championships5
2018,MK1 1000m,6,03:32.01,212.01,World Championships,World Championships6
2018,MK1 1000m,7,03:32.60,212.6,World Championships,World Championships7
2018,MK1 1000m,8,03:32.67,212.67,World Championships,World Championships8
2018,MK1 1000m,9,03:33.33,213.33,World Championships,World Championships9
2013,MK1 500m,1,01:40.51,100.51,World Championships,World Championships1
2013,MK1 500m,2,01:41.63,101.63,World Championships,World Championships2
2013,MK1 500m,3,01:41.80,101.8,World Championships,World Championships3
2013,MK1 500m,4,01:42.47,102.47,World Championships,World Championships4
2013,MK1 500m,5,01:43.75,103.75,World Championships,World Championships5
2013,MK1 500m,6,01:44.07,104.07,World Championships,World Championships6
2013,MK1 500m,7,01:44.63,104.63,World Championships,World Championships7
2013,MK1 500m,8,01:44.63,104.63,World Championships,World Championships8
2013,MK1 500m,9,01:49.05,109.05,World Championships,World Championships9
2014,MK1 500m,1,01:37.95,97.95,World Championships,World Championships1
2014,MK1 500m,2,01:38.82,98.82,World Championships,World Championships2
2014,MK1 500m,3,01:41.22,101.22,World Championships,World Championships3
2014,MK1 500m,4,01:41.92,101.92,World Championships,World Championships4
2014,MK1 500m,5,01:44.85,104.85,World Championships,World Championships5
2014,MK1 500m,6,01:46.54,106.54,World Championships,World Championships6
2014,MK1 500m,7,01:49.12,109.12,World Championships,World Championships7
2014,MK1 500m,8,01:55.68,115.68,World Championships,World Championships8
2014,MK1 500m,9,01:56.58,116.58,World Championships,World Championships9
2015,MK1 500m,1,01:42.10,102.1,World Championships,World Championships1
2015,MK1 500m,2,01:42.71,102.71,World Championships,World Championships2
2015,MK1 500m,3,01:42.82,102.82,World Championships,World Championships3
2015,MK1 500m,4,01:43.42,103.42,World Championships,World Championships4
2015,MK1 500m,5,01:43.89,103.89,World Championships,World Championships5
2015,MK1 500m,6,01:44.43,104.43,World Championships,World Championships6
2015,MK1 500m,7,01:45.13,105.13,World Championships,World Championships7
2015,MK1 500m,8,01:45.68,105.68,World Championships,World Championships8
2015,MK1 500m,9,01:48.34,108.34,World Championships,World Championships9
2017,MK1 500m,1,01:36.52,96.52,World Championships,World Championships1
2017,MK1 500m,2,01:38.27,98.27,World Championships,World Championships2
2017,MK1 500m,3,01:38.48,98.48,World Championships,World Championships3
2017,MK1 500m,4,01:38.52,98.52,World Championships,World Championships4
2017,MK1 500m,5,01:38.56,98.56,World Championships,World Championships5
2017,MK1 500m,6,01:38.75,98.75,World Championships,World Championships6
2017,MK1 500m,7,01:39.96,99.96,World Championships,World Championships7
2017,MK1 500m,8,01:40.13,100.13,World Championships,World Championships8
2017,MK1 500m,9,01:41.03,101.03,World Championships,World Championships9
2018,MK1 500m,1,01:37.91,97.91,World Championships,World Championships1
2018,MK1 500m,2,01:38.91,98.91,World Championships,World Championships2
2018,MK1 500m,3,01:39.52,99.52,World Championships,World Championships3
2018,MK1 500m,4,01:39.74,99.74,World Championships,World Championships4
2018,MK1 500m,5,01:40.66,100.66,World Championships,World Championships5
2018,MK1 500m,6,01:41.31,101.31,World Championships,World Championships6
2018,MK1 500m,7,01:41.59,101.59,World Championships,World Championships7
2018,MK1 500m,8,01:42.12,102.12,World Championships,World Championships8
2018,MK1 500m,9,01:44.38,104.38,World Championships,World Championships9
2012,MK1 200m,1,00:36.25,36.246,World Championships,World Championships1
2012,MK1 200m,2,00:36.54,36.54,World Championships,World Championships2
2012,MK1 200m,3,00:36.66,36.657,World Championships,World Championships3
2012,MK1 200m,4,00:36.69,36.688,World Championships,World Championships4
2012,MK1 200m,5,00:36.82,36.825,World Championships,World Championships5
2012,MK1 200m,6,00:36.83,36.83,World Championships,World Championships6
2012,MK1 200m,7,00:37.09,37.094,World Championships,World Championships7
2012,MK1 200m,8,00:37.55,37.553,World Championships,World Championships8
2013,MK1 200m,1,00:34.64,34.644,World Championships,World Championships1
2013,MK1 200m,2,00:34.67,34.674,World Championships,World Championships2
2013,MK1 200m,3,00:34.90,34.896,World Championships,World Championships3
2013,MK1 200m,4,00:34.95,34.949,World Championships,World Championships4
2013,MK1 200m,5,00:35.01,35.009,World Championships,World Championships5
2013,MK1 200m,6,00:35.04,35.042,World Championships,World Championships6
2013,MK1 200m,7,00:35.20,35.203,World Championships,World Championships7
2013,MK1 200m,8,00:35.56,35.556,World Championships,World Championships8
2014,MK1 200m,1,00:33.96,33.961,World Championships,World Championships1
2014,MK1 200m,2,00:34.09,34.088,World Championships,World Championships2
2014,MK1 200m,3,00:34.27,34.27,World Championships,World Championships3
2014,MK1 200m,4,00:34.46,34.46,World Championships,World Championships4
2014,MK1 200m,5,00:34.47,34.466,World Championships,World Championships5
2014,MK1 200m,6,00:34.52,34.522,World Championships,World Championships6
2014,MK1 200m,7,00:34.53,34.528,World Championships,World Championships7
2014,MK1 200m,8,00:34.67,34.674,World Championships,World Championships8
2015,MK1 200m,1,00:34.80,34.802,World Championships,World Championships1
2015,MK1 200m,2,00:34.99,34.993,World Championships,World Championships2
2015,MK1 200m,3,00:35.00,35,World Championships,World Championships3
2015,MK1 200m,4,00:35.41,35.41,World Championships,World Championships4
2015,MK1 200m,5,00:35.53,35.53,World Championships,World Championships5
2015,MK1 200m,6,00:35.60,35.602,World Championships,World Championships6
2015,MK1 200m,7,00:35.76,35.759,World Championships,World Championships7
2015,MK1 200m,8,00:35.98,35.984,World Championships,World Championships8
2016,MK1 200m,1,00:35.19,35.19,World Championships,World Championships1
2016,MK1 200m,2,00:35.36,35.36,World Championships,World Championships2
2016,MK1 200m,3,00:35.66,35.66,World Championships,World Championships3
2016,MK1 200m,4,00:35.66,35.66,World Championships,World Championships4
2016,MK1 200m,5,00:35.89,35.89,World Championships,World Championships5
2016,MK1 200m,6,00:36.00,36,World Championships,World Championships6
2016,MK1 200m,7,00:36.08,36.08,World Championships,World Championships7
2016,MK1 200m,8,00:36.42,36.42,World Championships,World Championships8
2017,MK1 200m,1,00:33.73,33.73,World Championships,World Championships1
2017,MK1 200m,2,00:34.44,34.44,World Championships,World Championships2
2017,MK1 200m,3,00:34.64,34.64,World Championships,World Championships3
2017,MK1 200m,4,00:34.66,34.66,World Championships,World Championships4
2017,MK1 200m,5,00:34.73,34.73,World Championships,World Championships5
2017,MK1 200m,6,00:34.81,34.81,World Championships,World Championships6
2017,MK1 200m,7,00:34.98,34.98,World Championships,World Championships7
2017,MK1 200m,8,00:35.00,35,World Championships,World Championships8
2018,MK1 200m,1,00:35.26,35.26,World Championships,World Championships1
2018,MK1 200m,2,00:35.37,35.37,World Championships,World Championships2
2018,MK1 200m,3,00:35.51,35.51,World Championships,World Championships3
2018,MK1 200m,4,00:35.58,35.58,World Championships,World Championships4
2018,MK1 200m,5,00:35.71,35.71,World Championships,World Championships5
2018,MK1 200m,6,00:35.81,35.81,World Championships,World Championships6
2018,MK1 200m,7,00:35.93,35.93,World Championships,World Championships7
2018,MK1 200m,8,00:36.12,36.12,World Championships,World Championships8
2018,MK1 200m,9,00:36.43,36.43,World Championships,World Championships9
2012,MK2 1000m,1,03:09.65,189.646,World Championships,World Championships1
2012,MK2 1000m,2,03:09.70,189.699,World Championships,World Championships2
2012,MK2 1000m,3,03:10.12,190.117,World Championships,World Championships3
2012,MK2 1000m,4,03:11.46,191.456,World Championships,World Championships4
2012,MK2 1000m,5,03:11.80,191.803,World Championships,World Championships5
2012,MK2 1000m,6,03:12.05,192.047,World Championships,World Championships6
2012,MK2 1000m,7,03:12.12,192.117,World Championships,World Championships7
2012,MK2 1000m,8,03:12.52,192.519,World Championships,World Championships8
2013,MK2 1000m,1,03:22.33,202.331,World Championships,World Championships1
2013,MK2 1000m,2,03:23.00,203.002,World Championships,World Championships2
2013,MK2 1000m,3,03:23.02,203.021,World Championships,World Championships3
2013,MK2 1000m,4,03:23.48,203.48,World Championships,World Championships4
2013,MK2 1000m,5,03:24.26,204.256,World Championships,World Championships5
2013,MK2 1000m,6,03:25.44,205.44,World Championships,World Championships6
2013,MK2 1000m,7,03:25.86,205.859,World Championships,World Championships7
2013,MK2 1000m,8,03:26.05,206.054,World Championships,World Championships8
2014,MK2 1000m,1,03:08.78,188.78,World Championships,World Championships1
2014,MK2 1000m,2,03:09.64,189.637,World Championships,World Championships2
2014,MK2 1000m,3,03:09.86,189.857,World Championships,World Championships3
2014,MK2 1000m,4,03:10.53,190.529,World Championships,World Championships4
2014,MK2 1000m,5,03:10.87,190.874,World Championships,World Championships5
2014,MK2 1000m,6,03:11.97,191.967,World Championships,World Championships6
2014,MK2 1000m,7,03:12.07,192.068,World Championships,World Championships7
2014,MK2 1000m,8,03:12.63,192.629,World Championships,World Championships8
2015,MK2 1000m,1,03:10.17,190.175,World Championships,World Championships1
2015,MK2 1000m,2,03:11.13,191.132,World Championships,World Championships2
2015,MK2 1000m,3,03:11.50,191.502,World Championships,World Championships3
2015,MK2 1000m,4,03:12.48,192.482,World Championships,World Championships4
2015,MK2 1000m,5,03:12.89,192.889,World Championships,World Championships5
2015,MK2 1000m,6,03:13.10,193.099,World Championships,World Championships6
2015,MK2 1000m,7,03:13.60,193.599,World Championships,World Championships7
2015,MK2 1000m,8,03:14.56,194.562,World Championships,World Championships8
2016,MK2 1000m,1,03:10.78,190.78,World Championships,World Championships1
2016,MK2 1000m,2,03:10.96,190.96,World Championships,World Championships2
2016,MK2 1000m,3,03:12.59,192.59,World Championships,World Championships3
2016,MK2 1000m,4,03:12.90,192.898,World Championships,World Championships4
2016,MK2 1000m,5,03:14.74,194.74,World Championships,World Championships5
2016,MK2 1000m,6,03:14.88,194.88,World Championships,World Championships6
2016,MK2 1000m,7,03:15.19,195.187,World Championships,World Championships7
2016,MK2 1000m,8,03:15.92,195.916,World Championships,World Championships8
2017,MK2 1000m,1,03:08.65,188.65,World Championships,World Championships1
2017,MK2 1000m,2,03:10.73,190.73,World Championships,World Championships2
2017,MK2 1000m,3,03:10.85,190.85,World Championships,World Championships3
2017,MK2 1000m,4,03:12.05,192.05,World Championships,World Championships4
2017,MK2 1000m,5,03:12.79,192.79,World Championships,World Championships5
2017,MK2 1000m,6,03:12.80,192.8,World Championships,World Championships6
2017,MK2 1000m,7,03:13.18,193.18,World Championships,World Championships7
2017,MK2 1000m,8,03:14.71,194.71,World Championships,World Championships8
2017,MK2 1000m,9,03:16.09,196.09,World Championships,World Championships9
2018,MK2 1000m,1,03:15.80,195.8,World Championships,World Championships1
2018,MK2 1000m,2,03:16.62,196.62,World Championships,World Championships2
2018,MK2 1000m,3,03:17.41,197.41,World Championships,World Championships3
2018,MK2 1000m,4,03:17.43,197.43,World Championships,World Championships4
2018,MK2 1000m,5,03:20.23,200.23,World Championships,World Championships5
2018,MK2 1000m,6,03:20.84,200.84,World Championships,World Championships6
2018,MK2 1000m,7,03:21.11,201.11,World Championships,World Championships7
2018,MK2 1000m,8,03:22.14,202.14,World Championships,World Championships8
2018,MK2 1000m,9,03:24.68,204.68,World Championships,World Championships9
2013,MK2 500m,1,01:32.62,92.62,World Championships,World Championships1
2013,MK2 500m,2,01:32.71,92.71,World Championships,World Championships2
2013,MK2 500m,3,01:33.02,93.02,World Championships,World Championships3
2013,MK2 500m,4,01:33.04,93.04,World Championships,World Championships4
2013,MK2 500m,5,01:33.13,93.13,World Championships,World Championships5
2013,MK2 500m,6,01:33.17,93.17,World Championships,World Championships6
2013,MK2 500m,7,01:33.75,93.75,World Championships,World Championships7
2013,MK2 500m,8,01:34.51,94.51,World Championships,World Championships8
2013,MK2 500m,9,01:35.43,95.43,World Championships,World Championships9
2014,MK2 500m,1,01:28.19,88.19,World Championships,World Championships1
2014,MK2 500m,2,01:28.20,88.2,World Championships,World Championships2
2014,MK2 500m,3,01:29.29,89.29,World Championships,World Championships3
2014,MK2 500m,4,01:30.53,90.53,World Championships,World Championships4
2014,MK2 500m,5,01:31.28,91.28,World Championships,World Championships5
2014,MK2 500m,6,01:31.72,91.72,World Championships,World Championships6
2014,MK2 500m,7,01:31.83,91.83,World Championships,World Championships7
2014,MK2 500m,8,01:32.04,92.04,World Championships,World Championships8
2014,MK2 500m,9,01:32.32,92.32,World Championships,World Championships9
2017,MK2 500m,1,01:27.98,87.98,World Championships,World Championships1
2017,MK2 500m,2,01:29.12,89.12,World Championships,World Championships2
2017,MK2 500m,3,01:29.52,89.52,World Championships,World Championships3
2017,MK2 500m,4,01:29.87,89.87,World Championships,World Championships4
2017,MK2 500m,5,01:29.96,89.96,World Championships,World Championships5
2017,MK2 500m,6,01:30.19,90.19,World Championships,World Championships6
2017,MK2 500m,7,01:30.56,90.56,World Championships,World Championships7
2017,MK2 500m,8,01:31.21,91.21,World Championships,World Championships8
2017,MK2 500m,9,01:33.84,93.84,World Championships,World Championships9
2018,MK2 500m,1,01:30.66,90.66,World Championships,World Championships1
2018,MK2 500m,2,01:30.95,90.95,World Championships,World Championships2
2018,MK2 500m,3,01:31.45,91.45,World Championships,World Championships3
2018,MK2 500m,4,01:31.79,91.79,World Championships,World Championships4
2018,MK2 500m,5,01:31.89,91.89,World Championships,World Championships5
2018,MK2 500m,6,01:32.24,92.24,World Championships,World Championships6
2018,MK2 500m,7,01:33.47,93.47,World Championships,World Championships7
2018,MK2 500m,8,01:33.61,93.61,World Championships,World Championships8
2018,MK2 500m,9,01:38.63,98.63,World Championships,World Championships9
2013,MK2 200m,1,00:31.18,31.18,World Championships,World Championships1
2013,MK2 200m,2,00:31.76,31.76,World Championships,World Championships2
2013,MK2 200m,3,00:31.90,31.9,World Championships,World Championships3
2013,MK2 200m,4,00:31.92,31.92,World Championships,World Championships4
2013,MK2 200m,5,00:31.95,31.95,World Championships,World Championships5
2013,MK2 200m,6,00:31.18,31.18,World Championships,World Championships6
2013,MK2 200m,7,00:32.18,32.18,World Championships,World Championships7
2013,MK2 200m,8,00:32.47,32.47,World Championships,World Championships8
2013,MK2 200m,9,00:32.95,32.95,World Championships,World Championships9
2014,MK2 200m,1,00:30.50,30.5,World Championships,World Championships1
2014,MK2 200m,2,00:30.61,30.61,World Championships,World Championships2
2014,MK2 200m,3,00:30.88,30.88,World Championships,World Championships3
2014,MK2 200m,4,00:31.03,31.03,World Championships,World Championships4
2014,MK2 200m,5,00:31.08,31.08,World Championships,World Championships5
2014,MK2 200m,6,00:31.13,31.13,World Championships,World Championships6
2014,MK2 200m,7,00:31.29,31.29,World Championships,World Championships7
2014,MK2 200m,8,00:31.72,31.72,World Championships,World Championships8
2014,MK2 200m,9,00:31.75,31.75,World Championships,World Championships9
2015,MK2 200m,1,00:32.00,32,World Championships,World Championships1
2015,MK2 200m,2,00:32.33,32.33,World Championships,World Championships2
2015,MK2 200m,3,00:32.34,32.34,World Championships,World Championships3
2015,MK2 200m,4,00:32.64,32.64,World Championships,World Championships4
2015,MK2 200m,5,00:32.86,32.86,World Championships,World Championships5
2015,MK2 200m,6,00:33.09,33.09,World Championships,World Championships6
2015,MK2 200m,7,00:33.15,33.15,World Championships,World Championships7
2015,MK2 200m,8,00:33.76,33.76,World Championships,World Championships8
2015,MK2 200m,9,00:34.10,34.1,World Championships,World Championships9
2017,MK2 200m,1,00:32.06,32.06,World Championships,World Championships1
2017,MK2 200m,2,00:32.35,32.35,World Championships,World Championships2
2017,MK2 200m,3,00:32.70,32.7,World Championships,World Championships3
2017,MK2 200m,4,00:33.40,33.4,World Championships,World Championships4
2017,MK2 200m,5,00:33.56,33.56,World Championships,World Championships5
2017,MK2 200m,6,00:33.86,33.86,World Championships,World Championships6
2017,MK2 200m,7,00:34.87,34.87,World Championships,World Championships7
2017,MK2 200m,8,00:35.35,35.35,World Championships,World Championships8
2018,MK2 200m,1,00:32.20,32.2,World Championships,World Championships1
2018,MK2 200m,2,00:32.31,32.31,World Championships,World Championships2
2018,MK2 200m,3,00:33.04,33.04,World Championships,World Championships3
2018,MK2 200m,4,00:33.53,33.53,World Championships,World Championships4
2018,MK2 200m,5,00:33.84,33.84,World Championships,World Championships5
2018,MK2 200m,6,00:33.88,33.88,World Championships,World Championships6
2018,MK2 200m,7,00:34.05,34.05,World Championships,World Championships7
2018,MK2 200m,8,00:34.44,34.44,World Championships,World Championships8
2018,MK2 200m,9,00:34.59,34.59,World Championships,World Championships9
2012,WK1 500m,1,01:51.46,111.456,World Championships,World Championships1
2012,WK1 500m,2,01:52.68,112.685,World Championships,World Championships2
2012,WK1 500m,3,01:52.92,112.923,World Championships,World Championships3
2012,WK1 500m,4,01:53.20,113.197,World Championships,World Championships4
2012,WK1 500m,5,01:53.22,113.223,World Championships,World Championships5
2012,WK1 500m,6,01:53.34,113.345,World Championships,World Championships6
2012,WK1 500m,7,01:54.11,114.11,World Championships,World Championships7
2012,WK1 500m,8,01:54.33,114.333,World Championships,World Championships8
2013,WK1 500m,1,01:57.39,117.395,World Championships,World Championships1
2013,WK1 500m,2,01:58.30,118.3,World Championships,World Championships2
2013,WK1 500m,3,01:58.62,118.619,World Championships,World Championships3
2013,WK1 500m,4,01:59.07,119.071,World Championships,World Championships4
2013,WK1 500m,5,02:01.34,121.335,World Championships,World Championships5
2013,WK1 500m,6,02:01.87,121.872,World Championships,World Championships6
2013,WK1 500m,7,02:01.96,121.96,World Championships,World Championships7
2013,WK1 500m,8,02:02.63,122.626,World Championships,World Championships8
2014,WK1 500m,1,01:49.28,109.283,World Championships,World Championships1
2014,WK1 500m,2,01:49.79,109.79,World Championships,World Championships2
2014,WK1 500m,3,01:50.50,110.496,World Championships,World Championships3
2014,WK1 500m,4,01:50.62,110.622,World Championships,World Championships4
2014,WK1 500m,5,01:52.05,112.055,World Championships,World Championships5
2014,WK1 500m,6,01:52.15,112.153,World Championships,World Championships6
2014,WK1 500m,7,01:53.19,113.192,World Championships,World Championships7
2014,WK1 500m,8,01:53.50,113.498,World Championships,World Championships8
2015,WK1 500m,1,01:49.40,109.398,World Championships,World Championships1
2015,WK1 500m,2,01:51.12,111.125,World Championships,World Championships2
2015,WK1 500m,3,01:51.49,111.487,World Championships,World Championships3
2015,WK1 500m,4,01:51.62,111.622,World Championships,World Championships4
2015,WK1 500m,5,01:51.75,111.748,World Championships,World Championships5
2015,WK1 500m,6,01:52.25,112.248,World Championships,World Championships6
2015,WK1 500m,7,01:52.33,112.328,World Championships,World Championships7
2015,WK1 500m,8,01:52.63,112.628,World Championships,World Championships8
2016,WK1 500m,1,01:52.49,112.49,World Championships,World Championships1
2016,WK1 500m,2,01:54.32,114.32,World Championships,World Championships2
2016,WK1 500m,3,01:54.37,114.37,World Championships,World Championships3
2016,WK1 500m,4,01:54.47,114.47,World Championships,World Championships4
2016,WK1 500m,5,01:54.55,114.55,World Championships,World Championships5
2016,WK1 500m,6,01:54.99,114.99,World Championships,World Championships6
2016,WK1 500m,7,01:55.09,115.09,World Championships,World Championships7
2016,WK1 500m,8,01:56.57,116.57,World Championships,World Championships8
2017,WK1 500m,1,01:48.42,108.42,World Championships,World Championships1
2017,WK1 500m,2,01:48.70,108.7,World Championships,World Championships2
2017,WK1 500m,3,01:50.47,110.47,World Championships,World Championships3
2017,WK1 500m,4,01:51.53,111.53,World Championships,World Championships4
2017,WK1 500m,5,01:51.71,111.71,World Championships,World Championships5
2017,WK1 500m,6,01:52.22,112.22,World Championships,World Championships6
2017,WK1 500m,7,01:52.25,112.25,World Championships,World Championships7
2017,WK1 500m,8,01:53.19,113.19,World Championships,World Championships8
2017,WK1 500m,9,01:54.15,114.15,World Championships,World Championships9
2018,WK1 500m,1,01:47.25,107.25,World Championships,World Championships1
2018,WK1 500m,2,01:47.98,107.98,World Championships,World Championships2
2018,WK1 500m,3,01:48.72,108.72,World Championships,World Championships3
2018,WK1 500m,4,01:49.61,109.61,World Championships,World Championships4
2018,WK1 500m,5,01:50.76,110.76,World Championships,World Championships5
2018,WK1 500m,6,01:51.03,111.03,World Championships,World Championships6
2018,WK1 500m,7,01:51.92,111.92,World Championships,World Championships7
2018,WK1 500m,8,01:52.20,112.2,World Championships,World Championships8
2018,WK1 500m,9,01:52.24,112.24,World Championships,World Championships9
2012,WK1 200m,1,00:44.64,44.638,World Championships,World Championships1
2012,WK1 200m,2,00:45.05,45.053,World Championships,World Championships2
2012,WK1 200m,3,00:45.13,45.128,World Championships,World Championships3
2012,WK1 200m,4,00:45.33,45.326,World Championships,World Championships4
2012,WK1 200m,5,00:45.50,45.5,World Championships,World Championships5
2012,WK1 200m,6,00:45.96,45.961,World Championships,World Championships6
2012,WK1 200m,7,00:46.16,46.161,World Championships,World Championships7
2012,WK1 200m,8,00:46.55,46.549,World Championships,World Championships8
2013,WK1 200m,1,00:39.52,39.522,World Championships,World Championships1
2013,WK1 200m,2,00:39.71,39.712,World Championships,World Championships2
2013,WK1 200m,3,00:39.95,39.951,World Championships,World Championships3
2013,WK1 200m,4,00:40.25,40.246,World Championships,World Championships4
2013,WK1 200m,5,00:40.35,40.349,World Championships,World Championships5
2013,WK1 200m,6,00:40.84,40.839,World Championships,World Championships6
2013,WK1 200m,7,00:40.89,40.887,World Championships,World Championships7
2013,WK1 200m,8,00:40.97,40.97,World Championships,World Championships8
2014,WK1 200m,1,00:37.90,37.898,World Championships,World Championships1
2014,WK1 200m,2,00:38.81,38.814,World Championships,World Championships2
2014,WK1 200m,3,00:39.42,39.416,World Championships,World Championships3
2014,WK1 200m,4,00:39.43,39.432,World Championships,World Championships4
2014,WK1 200m,5,00:39.47,39.469,World Championships,World Championships5
2014,WK1 200m,6,00:39.78,39.783,World Championships,World Championships6
2014,WK1 200m,7,00:39.49,39.485,World Championships,World Championships7
2014,WK1 200m,8,00:40.20,40.204,World Championships,World Championships8
2015,WK1 200m,1,00:40.06,40.06,World Championships,World Championships1
2015,WK1 200m,2,00:40.70,40.7,World Championships,World Championships2
2015,WK1 200m,3,00:41.25,41.248,World Championships,World Championships3
2015,WK1 200m,4,00:41.55,41.548,World Championships,World Championships4
2015,WK1 200m,5,00:41.83,41.828,World Championships,World Championships5
2015,WK1 200m,6,00:41.90,41.9,World Championships,World Championships6
2015,WK1 200m,7,00:42.03,42.025,World Championships,World Championships7
2015,WK1 200m,8,00:42.15,42.145,World Championships,World Championships8
2016,WK1 200m,1,00:39.86,39.864,World Championships,World Championships1
2016,WK1 200m,2,00:40.28,40.279,World Championships,World Championships2
2016,WK1 200m,3,00:40.40,40.4,World Championships,World Championships3
2016,WK1 200m,4,00:40.77,40.769,World Championships,World Championships4
2016,WK1 200m,5,00:40.89,40.894,World Championships,World Championships5
2016,WK1 200m,6,00:41.05,41.053,World Championships,World Championships6
2016,WK1 200m,7,00:41.29,41.293,World Championships,World Championships7
2016,WK1 200m,8,00:41.52,41.521,World Championships,World Championships8
2017,WK1 200m,1,00:38.43,38.43,World Championships,World Championships1
2017,WK1 200m,2,00:39.00,39,World Championships,World Championships2
2017,WK1 200m,3,00:39.56,39.56,World Championships,World Championships3
2017,WK1 200m,4,00:39.56,39.56,World Championships,World Championships4
2017,WK1 200m,5,00:39.60,39.6,World Championships,World Championships5
2017,WK1 200m,6,00:39.79,39.79,World Championships,World Championships6
2017,WK1 200m,7,00:39.80,39.8,World Championships,World Championships7
2017,WK1 200m,8,00:40.01,40.01,World Championships,World Championships8
2018,WK1 200m,1,00:38.82,38.82,World Championships,World Championships1
2018,WK1 200m,2,00:40.55,40.55,World Championships,World Championships2
2018,WK1 200m,3,00:40.59,40.59,World Championships,World Championships3
2018,WK1 200m,4,00:40.69,40.69,World Championships,World Championships4
2018,WK1 200m,5,00:40.73,40.73,World Championships,World Championships5
2018,WK1 200m,6,00:40.75,40.75,World Championships,World Championships6
2018,WK1 200m,7,00:40.80,40.8,World Championships,World Championships7
2018,WK1 200m,8,00:40.98,40.98,World Championships,World Championships8
2018,WK1 200m,9,00:41.16,41.16,World Championships,World Championships9
2012,WK2 500m,1,01:42.21,102.213,World Championships,World Championships1
2012,WK2 500m,2,01:43.28,103.278,World Championships,World Championships2
2012,WK2 500m,3,01:44.00,104,World Championships,World Championships3
2012,WK2 500m,4,01:44.14,104.136,World Championships,World Championships4
2012,WK2 500m,5,01:47.78,107.785,World Championships,World Championships5
2012,WK2 500m,6,01:44.92,104.924,World Championships,World Championships6
2012,WK2 500m,7,01:46.29,106.29,World Championships,World Championships7
2012,WK2 500m,8,01:48.94,108.941,World Championships,World Championships8
2013,WK2 500m,1,01:47.07,107.07,World Championships,World Championships1
2013,WK2 500m,2,01:48.01,108.006,World Championships,World Championships2
2013,WK2 500m,3,01:48.54,108.537,World Championships,World Championships3
2013,WK2 500m,4,01:48.57,108.566,World Championships,World Championships4
2013,WK2 500m,5,01:49.53,109.527,World Championships,World Championships5
2013,WK2 500m,6,01:49.73,109.726,World Championships,World Championships6
2013,WK2 500m,7,01:51.28,111.282,World Championships,World Championships7
2013,WK2 500m,8,01:52.35,112.349,World Championships,World Championships8
2014,WK2 500m,1,01:39.93,99.935,World Championships,World Championships1
2014,WK2 500m,2,01:40.48,100.48,World Championships,World Championships2
2014,WK2 500m,3,01:41.34,101.337,World Championships,World Championships3
2014,WK2 500m,4,01:41.89,101.895,World Championships,World Championships4
2014,WK2 500m,5,01:42.11,102.113,World Championships,World Championships5
2014,WK2 500m,6,01:42.15,102.153,World Championships,World Championships6
2014,WK2 500m,7,01:42.89,102.887,World Championships,World Championships7
2014,WK2 500m,8,01:43.42,103.417,World Championships,World Championships8
2015,WK2 500m,1,01:39.86,99.865,World Championships,World Championships1
2015,WK2 500m,2,01:41.08,101.075,World Championships,World Championships2
2015,WK2 500m,3,01:41.33,101.335,World Championships,World Championships3
2015,WK2 500m,4,01:42.35,102.345,World Championships,World Championships4
2015,WK2 500m,5,01:42.39,102.385,World Championships,World Championships5
2015,WK2 500m,6,01:43.07,103.065,World Championships,World Championships6
2015,WK2 500m,7,01:43.73,103.731,World Championships,World Championships7
2015,WK2 500m,8,01:43.73,103.731,World Championships,World Championships8
2016,WK2 500m,1,01:43.69,103.687,World Championships,World Championships1
2016,WK2 500m,2,01:43.74,103.738,World Championships,World Championships2
2016,WK2 500m,3,01:45.21,105.207,World Championships,World Championships3
2016,WK2 500m,4,01:45.87,105.868,World Championships,World Championships4
2016,WK2 500m,5,01:46.32,106.319,World Championships,World Championships5
2016,WK2 500m,6,01:46.99,106.987,World Championships,World Championships6
2016,WK2 500m,7,01:48.36,108.361,World Championships,World Championships7
2016,WK2 500m,8,01:51.91,111.915,World Championships,World Championships8
2017,WK2 500m,1,01:38.69,98.69,World Championships,World Championships1
2017,WK2 500m,2,01:40.58,100.58,World Championships,World Championships2
2017,WK2 500m,3,01:40.80,100.8,World Championships,World Championships3
2017,WK2 500m,4,01:41.12,101.12,World Championships,World Championships4
2017,WK2 500m,5,01:41.37,101.37,World Championships,World Championships5
2017,WK2 500m,6,01:41.38,101.38,World Championships,World Championships6
2017,WK2 500m,7,01:42.57,102.57,World Championships,World Championships7
2017,WK2 500m,8,01:43.90,103.9,World Championships,World Championships8
2017,WK2 500m,9,01:44.64,104.64,World Championships,World Championships9
2018,WK2 500m,1,01:43.07,103.07,World Championships,World Championships1
2018,WK2 500m,2,01:43.09,103.09,World Championships,World Championships2
2018,WK2 500m,3,01:45.59,105.59,World Championships,World Championships3
2018,WK2 500m,4,01:45.68,105.68,World Championships,World Championships4
2018,WK2 500m,5,01:46.83,106.83,World Championships,World Championships5
2018,WK2 500m,6,01:47.90,107.9,World Championships,World Championships6
2018,WK2 500m,7,01:48.27,108.27,World Championships,World Championships7
2018,WK2 500m,8,01:49.67,109.67,World Championships,World Championships8
2018,WK2 500m,9,01:49.92,109.92,World Championships,World Championships9
2013,WK2 200m,1,00:37.53,37.53,World Championships,World Championships1
2013,WK2 200m,2,00:38.18,38.18,World Championships,World Championships2
2013,WK2 200m,3,00:38.22,38.22,World Championships,World Championships3
2013,WK2 200m,4,00:38.51,38.51,World Championships,World Championships4
2013,WK2 200m,5,00:38.61,38.61,World Championships,World Championships5
2013,WK2 200m,6,00:38.90,38.9,World Championships,World Championships6
2013,WK2 200m,7,00:39.54,39.54,World Championships,World Championships7
2013,WK2 200m,8,00:40.20,40.2,World Championships,World Championships8
2014,WK2 200m,1,00:35.87,35.87,World Championships,World Championships1
2014,WK2 200m,2,00:35.99,35.99,World Championships,World Championships2
2014,WK2 200m,3,00:36.22,36.22,World Championships,World Championships3
2014,WK2 200m,4,00:36.25,36.25,World Championships,World Championships4
2014,WK2 200m,5,00:36.39,36.39,World Championships,World Championships5
2014,WK2 200m,6,00:36.94,36.94,World Championships,World Championships6
2014,WK2 200m,7,00:37.15,37.15,World Championships,World Championships7
2014,WK2 200m,8,00:37.18,37.18,World Championships,World Championships8
2014,WK2 200m,9,00:38.16,38.16,World Championships,World Championships9
2015,WK2 200m,1,00:37.63,37.63,World Championships,World Championships1
2015,WK2 200m,2,00:38.23,38.23,World Championships,World Championships2
2015,WK2 200m,3,00:38.34,38.34,World Championships,World Championships3
2015,WK2 200m,4,00:39.43,39.43,World Championships,World Championships4
2015,WK2 200m,5,00:39.82,39.82,World Championships,World Championships5
2015,WK2 200m,6,00:39.94,39.94,World Championships,World Championships6
2015,WK2 200m,7,00:42.34,42.34,World Championships,World Championships7
2017,WK2 200m,1,00:37.45,37.45,World Championships,World Championships1
2017,WK2 200m,2,00:37.51,37.51,World Championships,World Championships2
2017,WK2 200m,3,00:37.99,37.99,World Championships,World Championships3
2017,WK2 200m,4,00:38.14,38.14,World Championships,World Championships4
2017,WK2 200m,5,00:38.24,38.24,World Championships,World Championships5
2017,WK2 200m,6,00:38.37,38.37,World Championships,World Championships6
2017,WK2 200m,7,00:38.65,38.65,World Championships,World Championships7
2017,WK2 200m,8,00:39.09,39.09,World Championships,World Championships8
2018,WK2 200m,1,00:37.2,37.16,World Championships,World Championships1
2018,WK2 200m,2,00:37.2,37.2,World Championships,World Championships2
2018,WK2 200m,3,00:37.3,37.29,World Championships,World Championships3
2018,WK2 200m,4,00:37.4,37.41,World Championships,World Championships4
2018,WK2 200m,5,00:37.4,37.44,World Championships,World Championships5
2018,WK2 200m,6,00:37.6,37.63,World Championships,World Championships6
2018,WK2 200m,7,00:37.8,37.79,World Championships,World Championships7
2018,WK2 200m,8,00:37.8,37.84,World Championships,World Championships8
2018,WK2 200m,9,00:39.3,39.33,World Championships,World Championships9
2020,MK1 1000m,1,03:36.15,216.15,Nationals,Nationals1
2020,MK1 1000m,2,03:37.25,217.25,Nationals,Nationals2
2020,MK1 1000m,3,03:37.54,217.54,Nationals,Nationals3
2020,MK1 1000m,4,03:38.78,218.78,Nationals,Nationals4
2020,MK1 1000m,5,03:42.54,222.54,Nationals,Nationals5
2020,MK1 1000m,6,03:43.94,223.94,Nationals,Nationals6
2020,MK1 1000m,7,03:44.33,224.33,Nationals,Nationals7
2020,MK1 1000m,8,03:49.18,229.18,Nationals,Nationals8
2020,MK2 1000m,1,03:12.04,192.04,Nationals,Nationals1
2020,MK2 1000m,2,03:13.09,193.09,Nationals,Nationals2
2020,MK2 1000m,3,03:15.20,195.2,Nationals,Nationals3
2020,MK2 1000m,4,03:18.51,198.51,Nationals,Nationals4
2020,MK2 1000m,5,03:20.74,200.74,Nationals,Nationals5
2020,MK2 1000m,6,03:22.06,202.06,Nationals,Nationals6
2020,MK2 1000m,7,03:25.02,205.02,Nationals,Nationals7
2020,MK2 1000m,8,03:26.19,206.19,Nationals,Nationals8
2020,MK1 500m,1,01:40.47,100.47,Nationals,Nationals1
2020,MK1 500m,2,01:40.69,100.69,Nationals,Nationals2
2020,MK1 500m,3,01:41.13,101.13,Nationals,Nationals3
2020,MK1 500m,4,01:42.16,102.16,Nationals,Nationals4
2020,MK1 500m,5,01:42.84,102.84,Nationals,Nationals5
2020,MK1 500m,6,01:42.89,102.89,Nationals,Nationals6
2020,MK1 500m,7,01:44.86,104.86,Nationals,Nationals7
2020,MK1 500m,8,01:46.30,106.3,Nationals,Nationals8
2020,MK2 500m,1,01:36.54,96.54,Nationals,Nationals1
2020,MK2 500m,2,01:36.56,96.56,Nationals,Nationals2
2020,MK2 500m,3,01:37.35,97.35,Nationals,Nationals3
2020,MK2 500m,4,01:37.62,97.62,Nationals,Nationals4
2020,MK2 500m,5,01:38.65,98.65,Nationals,Nationals5
2020,MK2 500m,6,01:39.75,99.75,Nationals,Nationals6
2020,MK2 500m,7,01:41.35,101.35,Nationals,Nationals7
2020,MK2 500m,8,01:43.02,103.02,Nationals,Nationals8
2020,WK1 500m,1,01:53.88,113.88,Nationals,Nationals1
2020,WK1 500m,2,01:54.39,114.39,Nationals,Nationals2
2020,WK1 500m,3,01:54.89,114.89,Nationals,Nationals3
2020,WK1 500m,4,01:57.23,117.23,Nationals,Nationals4
2020,WK1 500m,5,01:58.71,118.71,Nationals,Nationals5
2020,WK1 500m,6,01:59.07,119.07,Nationals,Nationals6
2020,WK1 500m,7,01:59.43,119.43,Nationals,Nationals7
2020,WK1 500m,8,01:49.92,109.92,Nationals,Nationals8
2020,WK2 500m,1,01:42.04,102.04,Nationals,Nationals1
2020,WK2 500m,2,01:43.88,103.88,Nationals,Nationals2
2020,WK2 500m,3,01:44.70,104.7,Nationals,Nationals3
2020,WK2 500m,4,01:46.22,106.22,Nationals,Nationals4
2020,WK2 500m,5,01:46.28,106.28,Nationals,Nationals5
2020,WK2 500m,6,01:49.94,109.94,Nationals,Nationals6
2020,WK2 500m,7,01:51.69,111.69,Nationals,Nationals7
2020,WK2 500m,8,01:51.77,111.77,Nationals,Nationals8
2020,MK1 200m,1,00:35.37,35.37,Nationals,Nationals1
2020,MK1 200m,2,00:35.83,35.83,Nationals,Nationals2
2020,MK1 200m,3,00:36.57,36.57,Nationals,Nationals3
2020,MK1 200m,4,00:36.75,36.75,Nationals,Nationals4
2020,MK1 200m,5,00:36.89,36.89,Nationals,Nationals5
2020,MK1 200m,6,00:37.59,37.59,Nationals,Nationals6
2020,MK1 200m,7,00:37.64,37.64,Nationals,Nationals7
2020,MK1 200m,8,00:37.85,37.85,Nationals,Nationals8
2020,MK2 200m,1,00:33.99,33.99,Nationals,Nationals1
2020,MK2 200m,2,00:34.96,34.96,Nationals,Nationals2
2020,MK2 200m,3,00:35.01,35.01,Nationals,Nationals3
2020,MK2 200m,4,00:35.11,35.11,Nationals,Nationals4
2020,MK2 200m,5,00:35.72,35.72,Nationals,Nationals5
2020,MK2 200m,6,00:35.91,35.91,Nationals,Nationals6
2020,MK2 200m,7,00:35.94,35.94,Nationals,Nationals7
2020,MK2 200m,8,00:36.26,36.26,Nationals,Nationals8
2020,WK1 200m,1,00:39.82,39.82,Nationals,Nationals1
2020,WK1 200m,2,00:40.22,40.22,Nationals,Nationals2
2020,WK1 200m,3,00:41.33,41.33,Nationals,Nationals3
2020,WK1 200m,4,00:42.38,42.38,Nationals,Nationals4
2020,WK1 200m,5,00:42.62,42.62,Nationals,Nationals5
2020,WK1 200m,6,00:45.54,45.54,Nationals,Nationals6
2020,WK1 200m,7,00:45.73,45.73,Nationals,Nationals7
2020,WK1 200m,8,00:45.73,45.73,Nationals,Nationals8
2020,WK2 200m,1,00:38.94,38.94,Nationals,Nationals1
2020,WK2 200m,2,00:39.61,39.61,Nationals,Nationals2
2020,WK2 200m,3,00:40.22,40.22,Nationals,Nationals3
2020,WK2 200m,4,00:42.41,42.41,Nationals,Nationals4
2020,WK2 200m,5,00:42.58,42.58,Nationals,Nationals5
2020,WK2 200m,6,00:43.28,43.28,Nationals,Nationals6
2020,WK2 200m,7,00:44.60,44.6,Nationals,Nationals7
2020,WK2 200m,8,00:45.83,45.83,Nationals,Nationals8
